{"cameraMode":{"drawMode":0,"name":"Shaded","section":"Shading Mode"},"sceneLighting":true,"audioPlay":false,"sceneViewState":{"showFog":true,"showMaterialUpdate":true,"showSkybox":true,"showFlares":true,"showImageEffects":true,"showParticleSystems":true},"in2DMode":false,"pivot":{"x":135.8988494873047,"y":-32.17918014526367,"z":-2.799596071243286},"rotation":{"x":-0.08666864782571793,"y":-0.7120597958564758,"z":0.08936216682195664,"w":-0.6910156011581421},"size":143.04795837402345,"orthographic":false}